Res Number,Contacts,Number of Contacts,,
2,[],0,,
3,"[21, 22, 5, 20]",4,,
4,[],0,,
5,"[3, 6, 19, 18, 20]",5,,
6,"[5, 19, 18, 17, 21]",5,,
7,[],0,,
8,[],0,,
9,"[10, 15, 91, 11, 16, 55]",6,,
10,"[11, 15, 9, 13, 12, 93]",6,,
11,"[10, 15, 9, 13, 12, 91]",6,,
12,"[11, 10, 13]",3,,
13,"[11, 10, 12, 15]",4,,
14,[],0,,
15,"[16, 10, 13, 9, 17, 11]",6,2,4
16,"[15, 17, 9, 18]",4,3,1
17,"[16, 15, 18, 6, 19, 36]",6,3,3
18,"[16, 6, 19, 17, 5]",5,2,3
19,"[6, 20, 18, 17, 21, 5, 36]",7,,11
20,"[19, 21, 3, 22, 5]",5,,
21,"[3, 20, 19, 22, 23, 6]",6,,
22,"[21, 3, 20, 23]",4,,
23,"[21, 22, 83]",3,,
24,[],0,,
25,[],0,,
26,[],0,,
27,[],0,,
28,[],0,,
29,[33],1,,
30,[],0,,
31,[],0,,
32,[],0,,
33,[29],1,,
34,[],0,,
35,[],0,,
36,"[38, 17, 19]",3,,
37,[],0,,
38,"[36, 40]",2,,
39,[],0,,
40,"[38, 49]",2,,
41,[],0,,
42,[],0,,
43,[],0,,
44,[],0,,
45,[],0,,
46,[],0,,
47,[],0,,
48,[],0,,
49,"[51, 40]",2,,
50,[],0,,
51,"[77, 49, 94, 93]",4,,
52,[],0,,
53,[],0,,
54,"[77, 55, 56]",3,,
55,"[56, 54, 91, 9]",4,,
56,"[55, 54, 58]",3,,
57,[],0,,
58,"[56, 85]",2,,
59,[],0,,
60,"[85, 83, 61, 62]",4,,
61,"[60, 62, 63, 72, 77, 76]",6,,
62,"[60, 63, 61]",3,,
63,"[61, 62]",2,,
64,[],0,,
65,[],0,,
66,[],0,,
67,[],0,,
68,[],0,,
69,[],0,,
70,[],0,,
71,[],0,,
72,"[74, 76, 61]",3,,
73,[],0,,
74,"[72, 76]",2,,
75,[],0,,
76,"[74, 72, 77, 61, 94, 97]",6,,
77,"[61, 76, 79, 51, 54]",5,,
78,[],0,,
79,[77],1,,
80,[],0,,
81,[],0,,
82,[],0,,
83,"[60, 85, 23]",3,,
84,[],0,,
85,"[58, 83, 60]",3,,
86,[],0,,
87,[],0,,
88,[],0,,
89,[],0,,
90,[],0,,
91,"[9, 55, 94, 93, 11]",5,,
92,[],0,,
93,"[91, 94, 51, 96, 10]",5,,
94,"[96, 51, 93, 97, 76, 91]",6,,
95,[],0,,
96,"[97, 94, 93]",3,,
97,"[96, 94, 76]",3,,
98,[],0,,
